From*, To*, Rate, 
1, 2, 0.0119509676153518, 
2, 1, 0.0123976666087025, 
