From*, To*, Rate, 
1, 2, 0.0460861003227395, 
2, 1, 0.0478086900982473, 
